run_name,score_name,n_eval,n_pos_days,day_pr_auc,day_roc_auc,day_top1pct_recall,n_eval_users,n_pos_users,user_pr_auc,user_roc_auc,user_top1pct_recall,heldout_user_rank_first_positive
qwen3_8b_r42,adapted_nll,42468,1309,0.0686890523564744,0.670377882593637,0.03819709702062643,149,60,0.5475400517260249,0.6664794007490636,0.0,2
qwen3_8b_r42,base_nll,42468,1309,0.07182359060765002,0.6882791513156111,0.03590527119938885,149,60,0.5087322754516694,0.6367041198501873,0.0,3
qwen3_8b_r42,neg_delta_nll,42468,1309,0.032084163205302024,0.5301706674024643,0.01145912910618793,149,60,0.43065041902246776,0.5421348314606741,0.0,3
