run_name,score_name,n_eval,n_pos_days,day_pr_auc,day_roc_auc,day_top1pct_recall,n_eval_users,n_pos_users,user_pr_auc,user_roc_auc,user_top1pct_recall,heldout_user_rank_first_positive
qwen3_8b_r62,adapted_nll,142072,70,0.0005017303747021707,0.547214375250248,0.0,410,4,0.022071356156067014,0.7161330049261083,0.0,37
qwen3_8b_r62,base_nll,142072,70,0.00037208372253918034,0.3951635993054423,0.0,410,4,0.027136826260753415,0.5424876847290641,0.0,15
qwen3_8b_r62,neg_delta_nll,142072,70,0.00037999398023678835,0.40456824551766873,0.0,410,4,0.010649200211436978,0.45751231527093594,0.0,155
