{
  "n_rows": 330295,
  "n_pos": 1309,
  "n_benign_users_all": 1000,
  "n_benign_users_val": 79,
  "all_benign": {
    "day_roc": 0.9588076436196381,
    "day_pr": 0.06935610690058455,
    "user_roc": 0.9686170212765958,
    "user_pr": 0.5508212605791603
  },
  "val_only_benign": {
    "day_roc": 0.6680601601592717,
    "day_pr": 0.1022795287315524,
    "user_roc": 0.5654008438818565,
    "user_pr": 0.5206134740137176
  }
}