{
  "n_rows": 1393297,
  "n_pos": 70,
  "n_benign_users_all": 4000,
  "n_benign_users_val": 405,
  "all_benign": {
    "day_roc": 0.9537256004533771,
    "day_pr": 0.0004999776093905548,
    "user_roc": 0.9704079079079079,
    "user_pr": 0.02132910595346928
  },
  "val_only_benign": {
    "day_roc": 0.5447690656736147,
    "day_pr": 0.0005032367939009168,
    "user_roc": 0.5462962962962963,
    "user_pr": 0.013312944137674691
  }
}