{
  "source_frontier": "/anvil/projects/x-cis230270/x-sangdembay/cert-qlora-MI/outputs/token_delta_sae_frontier_qwen3_8b_mb12_gc_on_fresh_v3_stream/layer_18/m04_k08",
  "discovery_user_file": "/anvil/projects/x-cis230270/x-sangdembay/cert-qlora-MI/outputs/user_splits_r62/louo_MBG3183_discovery_users.txt",
  "n_discovery_users": 3,
  "benign_sample_prob": 0.05,
  "row_stats": {
    "n_rows": 2103381,
    "n_positive_rows_kept": 21315,
    "n_positive_rows_dropped_confirmation": 225,
    "n_benign_rows": 2082066
  },
  "eval_stats": {
    "recon_mse": 0.05567645384550665,
    "active_frac": 0.00048736583045678897,
    "effective_l0": 7.9850017662040305,
    "dead_feature_frac": 0.00726318359375,
    "top10_row_gap_mean": 0.08745772658270895,
    "top1_row_gap": 0.1162384260078017
  },
  "feature_sets": {
    "top1": [
      14358
    ],
    "top3": [
      14358,
      12848,
      4196
    ],
    "top5": [
      14358,
      12848,
      4196,
      13580,
      11292
    ],
    "control1": [
      2044
    ],
    "control3": [
      2044,
      5489,
      4062
    ]
  }
}